"province","district_filter","district_name","party_name","photo_url","candidate_name_hanja","detail_url","gender","birth_age","address","occupation","education","career","criminal_record","registration_date"
"Gyeonggi-do","고양시","고양시","국민의힘","https://info.nec.go.kr/photo_20260603/Gsg4120/Hb100154192/gicho/thumbnail.100154192.JPG?ver=1992231","김영식 (金永植)","https://info.nec.go.kr/electioninfo/precandidate_detail_info.xhtml?electionId=0020260603&huboId=100154192","남","1958.02.21 (68세)","경기도 고양시 일산동구 위시티4로","정당인","동국대학교 대학원 행정학과 박사과정수료","(전)고양특례시의회 의장 (전)홍사덕 국회의원 특별보좌역","없음","2026-02-20"
"Gyeonggi-do","고양시","고양시","국민의힘","https://info.nec.go.kr/photo_20260603/Gsg4120/Hb100156434/gicho/thumbnail.100156434.JPG?ver=2001220","홍흥석 (洪興錫)","https://info.nec.go.kr/electioninfo/precandidate_detail_info.xhtml?electionId=0020260603&huboId=100156434","남","1962.10.28 (63세)","경기도 고양시 일산동구 월드고양로","한강글로벌해운(주) 대표이사","고려대학교 경영대학원 졸업(경영학석사)","(전)제6대 고양상공회의소 회장","1건","2026-02-26"
"Gyeonggi-do","고양시","고양시","더불어민주당","https://info.nec.go.kr/photo_20260603/Gsg4120/Hb100154190/gicho/thumbnail.100154190.JPG?ver=1993528","명재성 (明在聲)","https://info.nec.go.kr/electioninfo/precandidate_detail_info.xhtml?electionId=0020260603&huboId=100154190","남","1963.02.15 (63세)","경기도 고양시 일산동구 하늘마을1로","정당인","국민대학교 정치대학원 졸업(정치학석사)","(전) 고양시덕양구청장 (현)더불어민주당 정책위부의장","없음","2026-02-20"
"Gyeonggi-do","고양시","고양시","더불어민주당","https://info.nec.go.kr/photo_20260603/Gsg4120/Hb100155611/gicho/thumbnail.100155611.JPG?ver=1996716","민경선 (閔敬善)","https://info.nec.go.kr/electioninfo/precandidate_detail_info.xhtml?electionId=0020260603&huboId=100155611","남","1971.02.06 (55세)","경기도 고양시 덕양구 동송로","정당인","서강대학교 경제대학원 졸업(경제학 석사)","(현)더불어민주당 정청래 당대표 특별보좌역 정책특보 (현)더불어민주당 정책위원회 부의장","1건","2026-02-23"
"Gyeonggi-do","고양시","고양시","더불어민주당","https://info.nec.go.kr/photo_20260603/Gsg4120/Hb100155019/gicho/thumbnail.100155019.JPG?ver=1993494","백수회 (白壽會)","https://info.nec.go.kr/electioninfo/precandidate_detail_info.xhtml?electionId=0020260603&huboId=100155019","남","1972.12.22 (53세)","경기도 고양시 일산동구 호수로","변호사","한양대학교 법학과 4학년 재적","(전) 행정안전부 고문변호사 (현) 법률사무소 정상 대표 변호사","없음","2026-02-20"
"Gyeonggi-do","고양시","고양시","더불어민주당","https://info.nec.go.kr/photo_20260603/Gsg4120/Hb100154181/gicho/thumbnail.100154181.JPG?ver=1991984","윤종은 (尹鐘殷)","https://info.nec.go.kr/electioninfo/precandidate_detail_info.xhtml?electionId=0020260603&huboId=100154181","남","1959.01.18 (67세)","경기도 고양시 덕양구 화신로","정당인","서울대학교 영어영문학과 졸업","(전)더불어민주당 홍보위원회 부위원장 (현)민주사회혁신포럼 상임대표","없음","2026-02-20"
"Gyeonggi-do","고양시","고양시","더불어민주당","https://info.nec.go.kr/photo_20260603/Gsg4120/Hb100156990/gicho/thumbnail.100156990.JPG?ver=2004360","이경혜 (李敬惠)","https://info.nec.go.kr/electioninfo/precandidate_detail_info.xhtml?electionId=0020260603&huboId=100156990","여","1965.10.15 (60세)","경기도 고양시 일산서구 고양대로","정당인","연세대학교 행정대학원 졸업(행정학석사)","(전)제11대 경기도의회 기획재정위원회부위원장 (현)더불어민주당 정책위원회 부의장","없음","2026-03-04"
"Gyeonggi-do","고양시","고양시","더불어민주당","https://info.nec.go.kr/photo_20260603/Gsg4120/Hb100156008/gicho/thumbnail.100156008.JPG?ver=1999009","이영아 (李英兒)","https://info.nec.go.kr/electioninfo/precandidate_detail_info.xhtml?electionId=0020260603&huboId=100156008","여","1967.11.21 (58세)","경기도 고양시 덕양구 삼송로","정당인","연세대학교 언론홍보대학원 졸업(문학석사)","(전)고양신문 대표 (현)더불어민주당 부대변인","없음","2026-02-24"
"Gyeonggi-do","고양시","고양시","더불어민주당","https://info.nec.go.kr/photo_20260603/Gsg4120/Hb100155629/gicho/thumbnail.100155629.JPG?ver=1996791","장제환 (張齊桓)","https://info.nec.go.kr/electioninfo/precandidate_detail_info.xhtml?electionId=0020260603&huboId=100155629","남","1967.10.30 (58세)","경기도 고양시 덕양구 화중로","(주)중앙종합안전기술 안전진단 본부장","서울시립대학교 대학원 도시공학과 졸업(공학박사)","(현)더불어민주당 정책위 부의장 (현)서울시립대 도시공학박사","없음","2026-02-23"
"Gyeonggi-do","고양시","고양시","더불어민주당","https://info.nec.go.kr/photo_20260603/Gsg4120/Hb100154179/gicho/thumbnail.100154179.JPEG?ver=2005829","정병춘 (鄭炳春)","https://info.nec.go.kr/electioninfo/precandidate_detail_info.xhtml?electionId=0020260603&huboId=100154179","남","1960.10.09 (65세)","경기도 고양시 일산서구 강선로","정당인","서울산업대학교(현 서울과학기술대학교) 산업대학원 졸업(공학석사)","(현) 더불어민주당 당대표 특별보좌역 경제특보 (현) 더불어민주당 정책위원회 부의장","없음","2026-02-20"
"Gyeonggi-do","고양시","고양시","더불어민주당","https://info.nec.go.kr/photo_20260603/Gsg4120/Hb100157365/gicho/thumbnail.100157365.JPG?ver=2006662","최상봉 (崔相奉)","https://info.nec.go.kr/electioninfo/precandidate_detail_info.xhtml?electionId=0020260603&huboId=100157365","남","1965.09.06 (60세)","경기도 고양시 일산동구 하늘마을1로","정당인","고려대학교 정치외교학과 졸업","(전)경기도경제과학진흥원 이사 (현)더불어민주당 정책위부의장","1건","2026-03-06"
"Gyeonggi-do","고양시","고양시","진보당","https://info.nec.go.kr/photo_20260603/Gsg4120/Hb100156944/gicho/thumbnail.100156944.JPG?ver=2003843","송영주 (宋英株)","https://info.nec.go.kr/electioninfo/precandidate_detail_info.xhtml?electionId=0020260603&huboId=100156944","여","1972.09.23 (53세)","경기도 고양시 덕양구 소원로","정당인","성공회대학교 시민사회복지대학원 졸업(사회복지학 석사)","(전)제8대 경기도의회 건설교통위원장 (전)진보당 사무총장","1건","2026-03-03"
"Gyeonggi-do","과천시","과천시","국민의힘","https://info.nec.go.kr/photo_20260603/Gsg4123/Hb100156726/gicho/thumbnail.100156726.JPG?ver=2002891","김진웅 (金振雄)","https://info.nec.go.kr/electioninfo/precandidate_detail_info.xhtml?electionId=0020260603&huboId=100156726","남","1967.10.05 (58세)","경기도 과천시 별양로","정당인","고려대학교 정책대학원 도시및지방행정학과 졸업(행정학석사)","(전)제9대 과천시의회 전반기 의장 (현)제9대 과천시의회의원","없음","2026-02-27"
"Gyeonggi-do","과천시","과천시","더불어민주당","https://info.nec.go.kr/photo_20260603/Gsg4123/Hb100157110/gicho/thumbnail.100157110.JPG?ver=2004825","김종천 (金鐘天)","https://info.nec.go.kr/electioninfo/precandidate_detail_info.xhtml?electionId=0020260603&huboId=100157110","남","1972.11.17 (53세)","경기도 과천시 문원로","변호사","서울대학교 조선해양공학과 졸업","(전)민선7기 과천시장 (현)법무법인 태웅 구성원 변호사","1건","2026-03-04"
"Gyeonggi-do","과천시","과천시","더불어민주당","https://info.nec.go.kr/photo_20260603/Gsg4123/Hb100154416/gicho/thumbnail.100154416.JPG?ver=1990915","제갈임주 (諸葛林周)","https://info.nec.go.kr/electioninfo/precandidate_detail_info.xhtml?electionId=0020260603&huboId=100154416","여","1972.11.07 (53세)","경기도 과천시 찬우물로","정당인","중앙대학교 간호학과 졸업","(전)제8대 과천시의회 의장 (전)더불어민주당 중앙위원","없음","2026-02-20"
"Gyeonggi-do","광명시","광명시","더불어민주당","https://info.nec.go.kr/photo_20260603/Gsg4114/Hb100155003/gicho/thumbnail.100155003.JPG?ver=1992682","김영준 (金榮俊)","https://info.nec.go.kr/electioninfo/precandidate_detail_info.xhtml?electionId=0020260603&huboId=100155003","남","1967.04.13 (59세)","경기도 광명시 범안로","정당인","서울대학교 사회복지학과 졸업","(전)제10대 경기도의회의원 (전)광명시자원봉사센터장","1건","2026-02-20"
"Gyeonggi-do","광명시","광명시","더불어민주당","https://info.nec.go.kr/photo_20260603/Gsg4114/Hb100155674/gicho/thumbnail.100155674.JPG?ver=1997080","양이원영 (梁李媛瑛)","https://info.nec.go.kr/electioninfo/precandidate_detail_info.xhtml?electionId=0020260603&huboId=100155674","여","1971.05.14 (55세)","경기도 광명시 소하로","광명새물결포럼 대표","한국개발연구원 국제정책대학원 졸업(정책학석사)","(전)제21대 국회의원 (현)광명새물결포럼 대표","1건","2026-02-23"
"Gyeonggi-do","광주시","광주시","국민의힘","https://info.nec.go.kr/photo_20260603/Gsg4140/Hb100154079/gicho/thumbnail.100154079.JPG?ver=1991604","박해광 (朴海光)","https://info.nec.go.kr/electioninfo/precandidate_detail_info.xhtml?electionId=0020260603&huboId=100154079","남","1968.09.25 (57세)","경기도 광주시 청석로","정당인","고려대학교 정책대학원 도시및지방행정학과 졸업(행정학석사)","(전)제7대 광주시의회 전반기부의장 (현)국민의힘 경기도당 부위원장","없음","2026-02-20"
"Gyeonggi-do","광주시","광주시","국민의힘","https://info.nec.go.kr/photo_20260603/Gsg4140/Hb100156460/gicho/thumbnail.100156460.JPG?ver=2002124","신동헌 (申東憲)","https://info.nec.go.kr/electioninfo/precandidate_detail_info.xhtml?electionId=0020260603&huboId=100156460","남","1952.05.11 (74세)","경기도 광주시 벌원길","정당인","한양대학교 법학과 졸업","(전) 경기 광주시장 (전) 제21대 국민의힘 대통령후보 김문수 정무특보단 홍보총괄특보","없음","2026-03-05"
"Gyeonggi-do","광주시","광주시","더불어민주당","https://info.nec.go.kr/photo_20260603/Gsg4140/Hb100156689/gicho/thumbnail.100156689.JPG?ver=2002789","김상모 (金相模)","https://info.nec.go.kr/electioninfo/precandidate_detail_info.xhtml?electionId=0020260603&huboId=100156689","남","1977.11.09 (48세)","경기도 광주시 경충대로1480번길","정당인","한국방송통신대학교 컴퓨터과학과 졸업","(현)대한민국4차산업협회[K-FR] 대표 (전)더불어민주당제20대대통령선거후보선대위미래혁신위원회경기광주본부장","3건","2026-02-27"
"Gyeonggi-do","광주시","광주시","더불어민주당","https://info.nec.go.kr/photo_20260603/Gsg4140/Hb100154272/gicho/thumbnail.100154272.JPG?ver=1991598","김석구 (金奭具)","https://info.nec.go.kr/electioninfo/precandidate_detail_info.xhtml?electionId=0020260603&huboId=100154272","남","1964.01.23 (62세)","경기도 광주시 고산별빛1로","정당인","경희대학교 법학전문대학원 법학과 박사과정 재학중","(현)더불어민주당 당대표 특별보좌역 전략기획특보 (전)제9대 경기평택항만공사 사장","없음","2026-02-20"
"Gyeonggi-do","광주시","광주시","더불어민주당","https://info.nec.go.kr/photo_20260603/Gsg4140/Hb100154095/gicho/thumbnail.100154095.JPG?ver=2002125","노덕환 (盧德煥)","https://info.nec.go.kr/electioninfo/precandidate_detail_info.xhtml?electionId=0020260603&huboId=100154095","남","1962.05.02 (64세)","경기도 광주시 포돌이로17번길","동국대학교 행정대학원 객원교수","성균관대학교 국가전략대학원 국가전략학과 졸업(정치학석사)","(현) 대통령 직속기관 민주평통 상임위원회 직능상임위원 (전) 광주시 정책자문관","4건","2026-02-27"
"Gyeonggi-do","광주시","광주시","더불어민주당","https://info.nec.go.kr/photo_20260603/Gsg4140/Hb100153835/gicho/thumbnail.100153835.JPG?ver=1991697","박관열 (朴灌烈)","https://info.nec.go.kr/electioninfo/precandidate_detail_info.xhtml?electionId=0020260603&huboId=100153835","남","1957.11.25 (68세)","경기도 광주시 태봉로","정당인","고려대학교 정책대학원 아태지역연구학과 졸업(정치학석사)","(전)제10대 경기도의회의원 (현)대통령직속 지방시대위원회 자문위원","2건","2026-02-20"
"Gyeonggi-do","광주시","광주시","더불어민주당","https://info.nec.go.kr/photo_20260603/Gsg4140/Hb100154066/gicho/thumbnail.100154066.JPG?ver=1990828","박남수 (朴南洙)","https://info.nec.go.kr/electioninfo/precandidate_detail_info.xhtml?electionId=0020260603&huboId=100154066","남","1962.03.09 (64세)","경기도 광주시 곤지암읍 만삼로244번길","정당인","한경대학교(현 한경국립대학교) 행정학과 졸업","(전)광주도시관리공사 사장 (전)광주시청도시주택 국장","없음","2026-02-20"
"Gyeonggi-do","광주시","광주시","더불어민주당","https://info.nec.go.kr/photo_20260603/Gsg4140/Hb100155715/gicho/thumbnail.100155715.JPG?ver=1997172","소승호 (蘇承浩)","https://info.nec.go.kr/electioninfo/precandidate_detail_info.xhtml?electionId=0020260603&huboId=100155715","남","1958.03.13 (68세)","경기도 광주시 초월읍 경수길","정당인","경희대학교 경영학(경영학사)","(전)민선1,2기 광주시체육회장 (현)더불어민주당 경기도당 광주경제산업정책 특별위원회 위원장","1건","2026-02-23"
"Gyeonggi-do","광주시","광주시","더불어민주당","https://info.nec.go.kr/photo_20260603/Gsg4140/Hb100154795/gicho/thumbnail.100154795.JPG?ver=1994547","임일혁 (任日赫)","https://info.nec.go.kr/electioninfo/precandidate_detail_info.xhtml?electionId=0020260603&huboId=100154795","남","1966.10.23 (59세)","경기도 광주시 성들길","자영업(매양건재철물 대표)","동원대학교 사회복지학과 졸업","(전)제8대 광주시의회 후반기의장 (전)강동대학교 글로컬사회복지학부 특임교원(조교수)","1건","2026-02-20"
"Gyeonggi-do","구리시","구리시","국민의힘","https://info.nec.go.kr/photo_20260603/Gsg4125/Hb100156838/gicho/thumbnail.100156838.JPG?ver=2003493","김광수 (金光洙)","https://info.nec.go.kr/electioninfo/precandidate_detail_info.xhtml?electionId=0020260603&huboId=100156838","남","1964.10.20 (61세)","경기도 구리시 아차산로487번길","정당인","동국대학교 행정대학원 복지행정학과 졸업(사회복지학석사)","(전)5·8대 구리시의회의원 (전)구리농수산물공사 이전추진단장","1건","2026-03-03"
"Gyeonggi-do","구리시","구리시","국민의힘","https://info.nec.go.kr/photo_20260603/Gsg4125/Hb100156673/gicho/thumbnail.100156673.JPEG?ver=2002576","김구영 (金求泳)","https://info.nec.go.kr/electioninfo/precandidate_detail_info.xhtml?electionId=0020260603&huboId=100156673","남","1964.06.05 (61세)","경기도 구리시 수택천로15번길","다몬전기통신공사 대표","경희대학교 공공대학원 정책학과 졸업(행정학석사)","(현)국민의힘 경기도당 수석대변인 (전)21대 대선 국민의힘 반도체/AI첨단산업본부 전국조직총괄본부장","2건","2026-02-27"
"Gyeonggi-do","구리시","구리시","국민의힘","https://info.nec.go.kr/photo_20260603/Gsg4125/Hb100156088/gicho/thumbnail.100156088.JPG?ver=1999707","박영순 (朴榮舜)","https://info.nec.go.kr/electioninfo/precandidate_detail_info.xhtml?electionId=0020260603&huboId=100156088","남","1948.01.26 (78세)","경기도 구리시 장자대로37번길","무직","연세대학교 행정대학원 도시행정전공 졸업(행정학석사)","(전)청와대정무비서관실 행정관 (전)2·4·5기 구리시장","2건","2026-02-25"
"Gyeonggi-do","구리시","구리시","더불어민주당","https://info.nec.go.kr/photo_20260603/Gsg4125/Hb100155841/gicho/thumbnail.100155841.JPG?ver=1998222","권봉수 (權奉洙)","https://info.nec.go.kr/electioninfo/precandidate_detail_info.xhtml?electionId=0020260603&huboId=100155841","남","1963.08.10 (62세)","경기도 구리시 검배로84번길","구리시의회의원","건국대학교 일반대학원 경제학과 졸업(경제학 석사)","(전)제9대 구리시의회 전반기 의장 (현)더불어민주당 전략기획위원회 부위원장","없음","2026-02-24"
"Gyeonggi-do","구리시","구리시","더불어민주당","https://info.nec.go.kr/photo_20260603/Gsg4125/Hb100154423/gicho/thumbnail.100154423.JPG?ver=1991804","신동화 (申東和)","https://info.nec.go.kr/electioninfo/precandidate_detail_info.xhtml?electionId=0020260603&huboId=100154423","남","1966.12.28 (59세)","경기도 구리시 건원대로99번길","구리시의회 의장","서울시립대학교 도시과학대학원 도시행정학과 졸업 (도시행정학 석사)","(전)더불어민주당 중앙위원 (현)구리시의회의장","4건","2026-02-20"
"Gyeonggi-do","구리시","구리시","더불어민주당","https://info.nec.go.kr/photo_20260603/Gsg4125/Hb100154473/gicho/thumbnail.100154473.JPG?ver=1991805","안승남 (安昇男)","https://info.nec.go.kr/electioninfo/precandidate_detail_info.xhtml?electionId=0020260603&huboId=100154473","남","1965.12.29 (60세)","경기도 구리시 체육관로113번길","회사원","한국외국어대학교 경상대학 경제학과 졸업(경제학사)","(전)제16대 구리시장 (현)더불어민주당 구리시지역위원회 상임고문","1건","2026-02-20"
"Gyeonggi-do","군포시","군포시","더불어민주당","https://info.nec.go.kr/photo_20260603/Gsg4130/Hb100154612/gicho/thumbnail.100154612.JPG?ver=1991328","이견행 (李見行)","https://info.nec.go.kr/electioninfo/precandidate_detail_info.xhtml?electionId=0020260603&huboId=100154612","남","1965.12.29 (60세)","경기도 군포시 번영로200번길","정당인","고려대학교 국어국문학과 졸업","(전) 군포시의회 8대 전반기 의장 (전) 이학영 국회부의장 비서실장","없음","2026-02-20"
"Gyeonggi-do","군포시","군포시","더불어민주당","https://info.nec.go.kr/photo_20260603/Gsg4130/Hb100155230/gicho/thumbnail.100155230.JPG?ver=2001023","이길호 (李吉鎬)","https://info.nec.go.kr/electioninfo/precandidate_detail_info.xhtml?electionId=0020260603&huboId=100155230","남","1964.02.15 (62세)","경기도 군포시 용호2로54번길","정당인","한양대학교 철학과 졸업","(전)군포초등학교 총동문회 회장 (현)군포시의회의원","없음","2026-02-20"
"Gyeonggi-do","군포시","군포시","더불어민주당","https://info.nec.go.kr/photo_20260603/Gsg4130/Hb100154482/gicho/thumbnail.100154482.JPG?ver=1991080","한대희 (韓大熙)","https://info.nec.go.kr/electioninfo/precandidate_detail_info.xhtml?electionId=0020260603&huboId=100154482","남","1962.04.15 (64세)","경기도 군포시 오금로","정당인","한국외국어대학교 독일어과 3년 중퇴(1981.3.~1991.4.)","(전) 군포시장 (현) 사람사는세상 노무현재단 기획위원","1건","2026-02-20"
"Gyeonggi-do","김포시","김포시","국민의힘","https://info.nec.go.kr/photo_20260603/Gsg4139/Hb100155061/gicho/thumbnail.100155061.JPG?ver=1992834","두춘언 (杜春堰)","https://info.nec.go.kr/electioninfo/precandidate_detail_info.xhtml?electionId=0020260603&huboId=100155061","남","1967.05.14 (59세)","경기도 김포시 청송로","정당인","중앙대학교 행정대학원 지방행정학과 졸업 (행정학 석사)","(전)김포시 교육문화국장 (전)김포시 경제국장","없음","2026-02-20"
"Gyeonggi-do","김포시","김포시","더불어민주당","https://info.nec.go.kr/photo_20260603/Gsg4139/Hb100155347/gicho/thumbnail.100155347.JPG?ver=1993936","김주관 (金柱寬)","https://info.nec.go.kr/electioninfo/precandidate_detail_info.xhtml?electionId=0020260603&huboId=100155347","남","1971.10.18 (54세)","경기도 김포시 하성면 석평로","변호사","한양대학교 법과대학 법학과 졸업","(전)김포시고문변호사 (현)민주화를 위한 변호사모임(민변) 김포지회장","없음","2026-02-20"
"Gyeonggi-do","김포시","김포시","더불어민주당","https://info.nec.go.kr/photo_20260603/Gsg4139/Hb100154885/gicho/thumbnail.100154885.JPG?ver=1992125","배강민 (裵江珉)","https://info.nec.go.kr/electioninfo/precandidate_detail_info.xhtml?electionId=0020260603&huboId=100154885","남","1977.02.28 (49세)","경기도 김포시 김포한강8로","김포시의회의원","연세대학교 행정대학원 정치행정리더십전공 석사과정 졸업(행정학 석사)","(전)더불어민주당 중앙당 정책위원회 부의장 (현)제8대김포시의회 부의장","1건","2026-02-20"
"Gyeonggi-do","김포시","김포시","더불어민주당","https://info.nec.go.kr/photo_20260603/Gsg4139/Hb100155549/gicho/thumbnail.100155549.JPG?ver=1996448","오강현 (吳姜縣)","https://info.nec.go.kr/electioninfo/precandidate_detail_info.xhtml?electionId=0020260603&huboId=100155549","남","1973.03.30 (53세)","경기도 김포시 김포한강11로","김포시의회의원","연세대학교교육대학원 교육행정전공 석사과정졸업(교육학석사)","(현)김포시의회의원 (현)더불어민주당 정책위원회 부의장","없음","2026-02-23"
"Gyeonggi-do","김포시","김포시","더불어민주당","https://info.nec.go.kr/photo_20260603/Gsg4139/Hb100156825/gicho/thumbnail.100156825.JPG?ver=2003375","이기형 (李奇衡)","https://info.nec.go.kr/electioninfo/precandidate_detail_info.xhtml?electionId=0020260603&huboId=100156825","남","1971.09.30 (54세)","경기도 김포시 김포한강1로","정당인","중앙대학교 행정대학원 졸업(행정학석사)","(전)제10대,11대 경기도의원 (현)더불어민주당 당대표 특별보좌역","없음","2026-03-03"
"Gyeonggi-do","김포시","김포시","더불어민주당","https://info.nec.go.kr/photo_20260603/Gsg4139/Hb100157121/gicho/thumbnail.100157121.JPG?ver=2004883","이회수 (李晦壽)","https://info.nec.go.kr/electioninfo/precandidate_detail_info.xhtml?electionId=0020260603&huboId=100157121","남","1962.06.07 (63세)","경기도 김포시 김포한강11로255번길","정당인","고려대학교 노동대학원 석사과정 졸업(법학석사)","(전)이재명 대통령후보 대외협력특보단장 (전)이재명 당대표 소통정책특보","1건","2026-03-04"
"Gyeonggi-do","김포시","김포시","더불어민주당","https://info.nec.go.kr/photo_20260603/Gsg4139/Hb100157677/gicho/thumbnail.100157677.JPG?ver=2008443","정왕룡 (鄭王龍)","https://info.nec.go.kr/electioninfo/precandidate_detail_info.xhtml?electionId=0020260603&huboId=100157677","남","1964.03.18 (62세)","경기도 김포시 김포한강4로","정당인","중앙대학교 문과대학 영어영문학과 졸업","(전)대통령직속 국가균형발전위원회 전문위원 (현)더불어민주당 정책위 부의장","1건","2026-03-10"
"Gyeonggi-do","김포시","김포시","더불어민주당","https://info.nec.go.kr/photo_20260603/Gsg4139/Hb100155168/gicho/thumbnail.100155168.JPG?ver=1993132","정하영 (鄭夏泳)","https://info.nec.go.kr/electioninfo/precandidate_detail_info.xhtml?electionId=0020260603&huboId=100155168","남","1962.10.02 (63세)","경기도 김포시 통진읍 동을산로","농업","인하대학교 이과대학 생물학과 졸업","(전)민선7기 김포시장 (전)더불어민주당 김포시을 지역위원장","없음","2026-02-20"
"Gyeonggi-do","김포시","김포시","더불어민주당","https://info.nec.go.kr/photo_20260603/Gsg4139/Hb100157673/gicho/thumbnail.100157673.JPG?ver=2008331","조승현 (趙承鉉)","https://info.nec.go.kr/electioninfo/precandidate_detail_info.xhtml?electionId=0020260603&huboId=100157673","남","1967.04.02 (59세)","경기도 김포시 고촌읍 수기로","정당인","연세대학교 행정대학원 북한·동아시아전공 석사과정 졸업(정치학 석사)","(전)이재명 더불어민주당 대통령후보 부대변인 (현)더불어민주당 당대표 특별보좌역 지방자치특보","2건","2026-03-09"
"Gyeonggi-do","남양주시","남양주시","더불어민주당","https://info.nec.go.kr/photo_20260603/Gsg4126/Hb100155587/gicho/thumbnail.100155587.JPG?ver=1997131","김지훈 (金志訓)","https://info.nec.go.kr/electioninfo/precandidate_detail_info.xhtml?electionId=0020260603&huboId=100155587","남","1979.05.06 (47세)","경기도 남양주시 조안면 북한강로","남양주시의회의원","한양사이버대학교 졸업(법학전공)","(전) 김용민 국회의원 환경특별보좌관 (현) 남양주시의회의원","1건","2026-02-23"
"Gyeonggi-do","남양주시","남양주시","더불어민주당","https://info.nec.go.kr/photo_20260603/Gsg4126/Hb100154408/gicho/thumbnail.100154408.JPG?ver=1990893","김한정 (金漢正)","https://info.nec.go.kr/electioninfo/precandidate_detail_info.xhtml?electionId=0020260603&huboId=100154408","남","1963.09.06 (62세)","경기도 남양주시 별내3로","한미의회교류센터(KIPEC) 이사장","서울대학교 사회과학대학 국제경제학과 졸업","(전)국회의원(제20·21대 남양주을, 더불어민주당) (전)청와대 제1부속실장(김대중대통령)","1건","2026-02-20"
"Gyeonggi-do","남양주시","남양주시","더불어민주당","https://info.nec.go.kr/photo_20260603/Gsg4126/Hb100155484/gicho/thumbnail.100155484.JPG?ver=1995924","백주선 (白周善)","https://info.nec.go.kr/electioninfo/precandidate_detail_info.xhtml?electionId=0020260603&huboId=100155484","남","1973.02.11 (53세)","경기도 남양주시 도농로","변호사","중앙대학교 법학과 졸업","(현)청와대 정보공개심의위원회 심의위원 (현)더불어민주당 당대표 법률특보","1건","2026-02-23"
"Gyeonggi-do","남양주시","남양주시","더불어민주당","https://info.nec.go.kr/photo_20260603/Gsg4126/Hb100155933/gicho/thumbnail.100155933.JPEG?ver=1998688","윤용수 (尹湧洙)","https://info.nec.go.kr/electioninfo/precandidate_detail_info.xhtml?electionId=0020260603&huboId=100155933","남","1964.06.08 (61세)","경기도 남양주시 덕송3로","공인노무사","단국대학교 법학과 졸업","(전) 제10대 경기도의회의원 (현) 더불어민주당 당대표 특보","없음","2026-02-24"
"Gyeonggi-do","남양주시","남양주시","더불어민주당","https://info.nec.go.kr/photo_20260603/Gsg4126/Hb100154657/gicho/thumbnail.100154657.JPG?ver=1991427","이원호 (李源鎬)","https://info.nec.go.kr/electioninfo/precandidate_detail_info.xhtml?electionId=0020260603&huboId=100154657","남","1970.02.16 (56세)","경기도 남양주시 진건읍 진건오남로86번길","변호사","동국대학교 사회학과 졸업","(현) 대통령직속 지방시대위원회 자문위원 (현) 더불어민주당 당대표 특별보좌역 법률특보","2건","2026-02-20"
"Gyeonggi-do","남양주시","남양주시","더불어민주당","https://info.nec.go.kr/photo_20260603/Gsg4126/Hb100154668/gicho/thumbnail.100154668.JPG?ver=1991490","최현덕 (崔顯德)","https://info.nec.go.kr/electioninfo/precandidate_detail_info.xhtml?electionId=0020260603&huboId=100154668","남","1966.04.08 (60세)","경기도 남양주시 별내면 청학로","정당인","고려대학교 행정학과 졸업","(전) 남양주시 부시장 (전) 경기도 경제실장","없음","2026-02-20"
"Gyeonggi-do","동두천시","동두천시","더불어민주당","https://info.nec.go.kr/photo_20260603/Gsg4117/Hb100155084/gicho/thumbnail.100155084.JPG?ver=1992977","박태희 (朴泰熙)","https://info.nec.go.kr/electioninfo/precandidate_detail_info.xhtml?electionId=0020260603&huboId=100155084","남","1974.12.21 (51세)","경기도 동두천시 행선로","정치인","고려대학교 정책대학원 행정학 석사","(전)제10대 경기도의원 (전)정성호 국회의원 선임비서관","없음","2026-02-20"
"Gyeonggi-do","동두천시","동두천시","더불어민주당","https://info.nec.go.kr/photo_20260603/Gsg4117/Hb100157198/gicho/thumbnail.100157198.JPG?ver=2005452","이인규 (李仁揆)","https://info.nec.go.kr/electioninfo/precandidate_detail_info.xhtml?electionId=0020260603&huboId=100157198","남","1963.06.03 (63세)","경기도 동두천시 어수로","정치인","건국대학교 지리학과 졸업","(전) 경기도의회의원 (전) 신흥고등학교 교장","없음","2026-03-05"
"Gyeonggi-do","동두천시","동두천시","더불어민주당","https://info.nec.go.kr/photo_20260603/Gsg4117/Hb100156768/gicho/thumbnail.100156768.JPG?ver=2003187","정계숙 (鄭桂淑)","https://info.nec.go.kr/electioninfo/precandidate_detail_info.xhtml?electionId=0020260603&huboId=100156768","여","1961.11.28 (64세)","경기도 동두천시 생연로","정당인","신한대학교 일반대학원 졸업(사회복지학 박사)","(현) 서정대학교 겸임교수 (전) 동두천시의회의원 (7, 8대)","없음","2026-03-03"
"Gyeonggi-do","동두천시","동두천시","조국혁신당","https://info.nec.go.kr/photo_20260603/Gsg4117/Hb100157278/gicho/thumbnail.100157278.JPG?ver=2006027","유광혁 (兪炚爀)","https://info.nec.go.kr/electioninfo/precandidate_detail_info.xhtml?electionId=0020260603&huboId=100157278","남","1974.11.06 (51세)","경기도 동두천시 거북마루로","정당인","동국대학교 영어영문학과 졸업","(전) 제10대 경기도의회 의원 (전) 동두천 평화의 소녀상 건립추진위원회 사무국장","2건","2026-03-05"
"Gyeonggi-do","부천시","부천시","국민의힘","https://info.nec.go.kr/photo_20260603/Gsg4150/Hb100156553/gicho/thumbnail.100156553.JPG?ver=2002057","김용석 (金容錫)","https://info.nec.go.kr/electioninfo/precandidate_detail_info.xhtml?electionId=0020260603&huboId=100156553","남","1973.02.28 (53세)","경기도 부천시 소사구 경인로","우동페이 영업이사","당곡고등학교 졸업","(전)민족문제 연구소 회원 (전)중동신문 발행인","1건","2026-02-27"
"Gyeonggi-do","부천시","부천시","더불어민주당","https://info.nec.go.kr/photo_20260603/Gsg4150/Hb100155157/gicho/thumbnail.100155157.JPG?ver=1993220","서진웅 (徐珍雄)","https://info.nec.go.kr/electioninfo/precandidate_detail_info.xhtml?electionId=0020260603&huboId=100155157","남","1965.09.18 (60세)","경기도 부천시 원미구 상동로","정당인","연세대학교 행정대학원 졸업(행정학 석사)","(전)대통령직속 국가균형발전위원회 전문위원 (전)국무총리 정무협력 비서관","없음","2026-02-20"
"Gyeonggi-do","부천시","부천시","더불어민주당","https://info.nec.go.kr/photo_20260603/Gsg4150/Hb100154465/gicho/thumbnail.100154465.JPG?ver=1991207","한병환 (韓秉煥)","https://info.nec.go.kr/electioninfo/precandidate_detail_info.xhtml?electionId=0020260603&huboId=100154465","남","1965.03.22 (61세)","경기도 부천시 원미구 도약로","정당인","연세대학교 행정대학원 졸업(정책학석사)","(전)청와대 정책실장 선임행정관 (전)제20대 대선 후보 이재명 선대위 국민참여플랫폼 부본부장","1건","2026-02-20"
"Gyeonggi-do","성남시","성남시","국민의힘","https://info.nec.go.kr/photo_20260603/Gsg4106/Hb100157412/gicho/thumbnail.100157412.JPG?ver=2006870","임진기 (任珍基)","https://info.nec.go.kr/electioninfo/precandidate_detail_info.xhtml?electionId=0020260603&huboId=100157412","남","1973.07.10 (52세)","경기도 성남시 분당구 서판교로","새로운미래연대 상임대표","한국방송통신대학교 행정학과 졸업","(현)새로운미래연대 상임대표 (전)성남시장 정책특보","없음","2026-03-06"
"Gyeonggi-do","성남시","성남시","더불어민주당","https://info.nec.go.kr/photo_20260603/Gsg4106/Hb100154437/gicho/thumbnail.100154437.JPG?ver=1991517","김병욱 (金炳旭)","https://info.nec.go.kr/electioninfo/precandidate_detail_info.xhtml?electionId=0020260603&huboId=100154437","남","1965.04.15 (61세)","경기도 성남시 분당구 내정로","정당인","고려대학교 경영대학원 졸업(경영학석사)","(전)이재명대통령 청와대 정무비서관 (전)제20대,제21대 국회의원","1건","2026-02-20"
"Gyeonggi-do","성남시","성남시","더불어민주당","https://info.nec.go.kr/photo_20260603/Gsg4106/Hb100154724/gicho/thumbnail.100154724.JPG?ver=1991750","김지호 (金志澔)","https://info.nec.go.kr/electioninfo/precandidate_detail_info.xhtml?electionId=0020260603&huboId=100154724","남","1976.02.26 (50세)","경기도 성남시 분당구 판교원로","정당인","단국대학교 경영학과 졸업","(전)이재명 민주당 당대표 정무조정부실장 (전)이재명 경기도지사 비서관","없음","2026-02-20"
"Gyeonggi-do","성남시","성남시","진보당","https://info.nec.go.kr/photo_20260603/Gsg4106/Hb100157116/gicho/thumbnail.100157116.JPG?ver=2004866","장지화 (張智和)","https://info.nec.go.kr/electioninfo/precandidate_detail_info.xhtml?electionId=0020260603&huboId=100157116","여","1970.03.08 (56세)","경기도 성남시 수정구 남문로78번길","정당인","성공회대학교 시민평화대학원 졸업 (여성학 석사)","(현)진보당 공동대표 (전)성남시 초등학교 학부모회 회장","1건","2026-03-04"
"Gyeonggi-do","수원시","수원시","국민의힘","https://info.nec.go.kr/photo_20260603/Gsg4103/Hb100155010/gicho/thumbnail.100155010.JPG?ver=1992554","안교재 (安敎宰)","https://info.nec.go.kr/electioninfo/precandidate_detail_info.xhtml?electionId=0020260603&huboId=100155010","남","1960.08.08 (65세)","경기도 수원시 팔달구 갓매산로19번길","(주)유연에이에프 대표이사","단국대학교 화학공학과 졸업","(현)국민의힘 경기도당 AI반도체특별위원회위원장 (전)대한체육회 인권위원회 부위원장","1건","2026-02-20"
"Gyeonggi-do","수원시","수원시","더불어민주당","https://info.nec.go.kr/photo_20260603/Gsg4103/Hb100154785/gicho/thumbnail.100154785.JPG?ver=1991830","권혁우 (權赫佑)","https://info.nec.go.kr/electioninfo/precandidate_detail_info.xhtml?electionId=0020260603&huboId=100154785","남","1973.08.07 (52세)","경기도 수원시 영통구 센트럴파크로","(주)코뉴 임원","성균관대학교 생물기전공학과 졸업","(전)제21대 대선 더불어민주당 이재명 후보 경기도당 선대위 공보본부 대변인 (현)더불어민주당 전략기획위원회 부위원장","없음","2026-02-20"
"Gyeonggi-do","수원시","수원시","더불어민주당","https://info.nec.go.kr/photo_20260603/Gsg4103/Hb100154697/gicho/thumbnail.100154697.JPG?ver=1992841","김재기 (金在基)","https://info.nec.go.kr/electioninfo/precandidate_detail_info.xhtml?electionId=0020260603&huboId=100154697","남","1961.07.12 (64세)","경기도 수원시 팔달구 인계로","국민주권전국회의 경기본부 상임대표","서울사이버대학교 사회복지대학 노인복지전공 졸업","(현)국민주권전국회의 경기본부 상임대표 (전)수원경실련 공동대표","없음","2026-02-20"
"Gyeonggi-do","안산시","안산시","더불어민주당","https://info.nec.go.kr/photo_20260603/Gsg4119/Hb100156358/gicho/thumbnail.100156358.JPG?ver=2000912","김철민 (金哲玟)","https://info.nec.go.kr/electioninfo/precandidate_detail_info.xhtml?electionId=0020260603&huboId=100156358","남","1957.02.15 (69세)","경기도 안산시 상록구 안산천남1로","신안산대학교 석좌교수","한양대학교 산업경영디자인대학원(현 융합산업대학원) 졸업 (경영학석사)","(전)민선5기 안산시장 (전)제20대, 제21대 국회의원","4건","2026-02-26"
"Gyeonggi-do","안산시","안산시","더불어민주당","https://info.nec.go.kr/photo_20260603/Gsg4119/Hb100156546/gicho/thumbnail.100156546.JPG?ver=2002013","김철진 (金哲鎭)","https://info.nec.go.kr/electioninfo/precandidate_detail_info.xhtml?electionId=0020260603&huboId=100156546","남","1963.08.15 (62세)","경기도 안산시 단원구 원당길","정당인","순천향대학교 행정대학원 사회복지학과 졸업(사회복지학석사)","(전)제11대 경기도의회의원 (현)더불어민주당 중앙당 정책위원회 부의장","없음","2026-02-27"
"Gyeonggi-do","안산시","안산시","더불어민주당","https://info.nec.go.kr/photo_20260603/Gsg4119/Hb100154454/gicho/thumbnail.100154454.JPG?ver=1991216","박천광 (朴天光)","https://info.nec.go.kr/electioninfo/precandidate_detail_info.xhtml?electionId=0020260603&huboId=100154454","남","1984.06.05 (41세)","경기도 안산시 상록구 해양1로","(주)아이리스코퍼레이션 총괄이사","한양대학교 융합산업대학원 경영학과 졸업(경영학 석사)","(전)제21대 대통령선거 이재명후보 조직본부 조직특보단 단장","없음","2026-02-20"
"Gyeonggi-do","안산시","안산시","더불어민주당","https://info.nec.go.kr/photo_20260603/Gsg4119/Hb100156090/gicho/thumbnail.100156090.JPG?ver=1999685","박현탁 (朴賢鐸)","https://info.nec.go.kr/electioninfo/precandidate_detail_info.xhtml?electionId=0020260603&huboId=100156090","남","1963.03.07 (63세)","경기도 안산시 단원구 광덕1로","자영업","고려대학교 정경대학 경제학과 졸업 (경제학사)","(전)더불어민주당 안산단원을 지역위원장 직무대행 (전)제21대 대통령선거이재명후보 후보총괄특보단후보직속소상공인특보단중소기업특보","1건","2026-02-25"
"Gyeonggi-do","안산시","안산시","더불어민주당","https://info.nec.go.kr/photo_20260603/Gsg4119/Hb100157285/gicho/thumbnail.100157285.JPG?ver=2006012","송바우나 (宋바우나)","https://info.nec.go.kr/electioninfo/precandidate_detail_info.xhtml?electionId=0020260603&huboId=100157285","남","1983.02.23 (43세)","경기도 안산시 단원구 원선1로","안산시의회의원","고려대학교 정경대학 정치외교학과 졸업","(전)제9대 전반기 안산시의회의장 (현)제9대 안산시의회의원","없음","2026-03-05"
"Gyeonggi-do","안산시","안산시","더불어민주당","https://info.nec.go.kr/photo_20260603/Gsg4119/Hb100155001/gicho/thumbnail.100155001.JPG?ver=2000041","제종길 (諸淙吉)","https://info.nec.go.kr/electioninfo/precandidate_detail_info.xhtml?electionId=0020260603&huboId=100155001","남","1955.03.21 (71세)","경기도 안산시 단원구 안산천남로","서울과학종합대학원대학교 석좌교수","서울대학교 대학원 해양학과 졸업 (이학박사)","(전)민선 6기 안산시장 (전)제17대 국회의원","없음","2026-02-20"
"Gyeonggi-do","안산시","안산시","더불어민주당","https://info.nec.go.kr/photo_20260603/Gsg4119/Hb100154386/gicho/thumbnail.100154386.JPG?ver=1990849","천영미 (千映美)","https://info.nec.go.kr/electioninfo/precandidate_detail_info.xhtml?electionId=0020260603&huboId=100154386","여","1966.04.15 (60세)","경기도 안산시 상록구 각골로2안길","정당인","강남대학교 사회복지전문대학원 사회복지학과 졸업(사회복지학석사)","(전)더불어민주당 제21대 대통령선거 이재명 후보직속 정무특보 (현)더불어민주당 중앙당 중앙위원","1건","2026-02-20"
"Gyeonggi-do","안산시","안산시","진보당","https://info.nec.go.kr/photo_20260603/Gsg4119/Hb100155771/gicho/thumbnail.100155771.JPG?ver=1997423","홍연아 (洪姸娥)","https://info.nec.go.kr/electioninfo/precandidate_detail_info.xhtml?electionId=0020260603&huboId=100155771","여","1972.07.05 (53세)","경기도 안산시 상록구 반석로","정당인","고려대학교 이과대학 전산과학과 졸업","(전)제5대 안산시의회의원 (전)제8대 경기도의회의원","2건","2026-02-23"
"Gyeonggi-do","안성시","안성시","국민의힘","https://info.nec.go.kr/photo_20260603/Gsg4138/Hb100154958/gicho/thumbnail.100154958.JPG?ver=1994296","김장연 (金長淵)","https://info.nec.go.kr/electioninfo/precandidate_detail_info.xhtml?electionId=0020260603&huboId=100154958","남","1965.11.30 (60세)","경기도 안성시 보개면 절가리길","축산업","호서대학 경영학과 졸업","(전) 보개농업협동조합 조합장 (현) 국민의힘 경기도당 부위원장","1건","2026-02-20"
"Gyeonggi-do","안성시","안성시","국민의힘","https://info.nec.go.kr/photo_20260603/Gsg4138/Hb100154952/gicho/thumbnail.100154952.JPG?ver=1994298","김진원 (金鎭元)","https://info.nec.go.kr/electioninfo/precandidate_detail_info.xhtml?electionId=0020260603&huboId=100154952","남","1971.04.27 (55세)","경기도 안성시 보개면 동문이길","(주)케이원건설 대표","한경국립대학교 토목안전환경공학과 졸업","(전) 안성시 새마을 회장 (현) 국민의힘 안성시 당협 부위원장","3건","2026-02-20"
"Gyeonggi-do","안성시","안성시","국민의힘","https://info.nec.go.kr/photo_20260603/Gsg4138/Hb100156760/gicho/thumbnail.100156760.JPG?ver=2003191","박명수 (朴明洙)","https://info.nec.go.kr/electioninfo/precandidate_detail_info.xhtml?electionId=0020260603&huboId=100156760","남","1960.06.28 (65세)","경기도 안성시 삼죽면 덕계실1길","정당인","한경대학교 산업대학원 토목공학과 졸업 (공학석사)","(전) 제11대 경기도의회의원 (현) 국민의힘 경기도당 부위원장","없음","2026-03-03"
"Gyeonggi-do","안성시","안성시","국민의힘","https://info.nec.go.kr/photo_20260603/Gsg4138/Hb100155279/gicho/thumbnail.100155279.JPG?ver=1994302","천동현 (千同鉉)","https://info.nec.go.kr/electioninfo/precandidate_detail_info.xhtml?electionId=0020260603&huboId=100155279","남","1965.02.13 (61세)","경기도 안성시 비룡2길","자영업","한경대학교 바이오정보기술대학원 졸업(농업경제학 박사)","(전)경기도의회 부의장","1건","2026-02-20"
"Gyeonggi-do","안성시","안성시","더불어민주당","https://info.nec.go.kr/photo_20260603/Gsg4138/Hb100156147/gicho/thumbnail.100156147.JPG?ver=2000185","신원주 (辛源住)","https://info.nec.go.kr/electioninfo/precandidate_detail_info.xhtml?electionId=0020260603&huboId=100156147","남","1958.02.03 (68세)","경기도 안성시 죽산면 용설호수길","한국장애인문화협회 안성지부장","한경대학교 융합레포츠학과 졸업","(전) 제6대 안성시의회 부의장 (전) 제7대 안성시의회 의장","1건","2026-02-25"
"Gyeonggi-do","안성시","안성시","더불어민주당","https://info.nec.go.kr/photo_20260603/Gsg4138/Hb100154970/gicho/thumbnail.100154970.JPG?ver=1994294","황진택 (黃辰澤)","https://info.nec.go.kr/electioninfo/precandidate_detail_info.xhtml?electionId=0020260603&huboId=100154970","남","1965.11.19 (60세)","경기도 안성시 공도읍 벚꽃길","정당인","동국대학교 행정대학원 공안행정학과 석사과정 수료","(전) 제6대, 7대 안성시의회 의원 (현) 더불어민주당 안성지역위원회 부위원장","없음","2026-02-20"
"Gyeonggi-do","안양시","안양시","국민의힘","https://info.nec.go.kr/photo_20260603/Gsg4110/Hb100155153/gicho/thumbnail.100155153.JPEG?ver=1993139","김대영 (金大榮)","https://info.nec.go.kr/electioninfo/precandidate_detail_info.xhtml?electionId=0020260603&huboId=100155153","남","1962.10.24 (63세)","경기도 안양시 동안구 경수대로","기업인","한양대학교 공공정책대학원 졸업(행정학석사(지역거버넌스))","(전) 안양시의회 의장 (현) 국민의힘 경기도당 부위원장","없음","2026-02-20"
"Gyeonggi-do","양주시","양주시","국민의힘","https://info.nec.go.kr/photo_20260603/Gsg4116/Hb100157955/gicho/thumbnail.100157955.JPG?ver=2010292","김시갑 (金時甲)","https://info.nec.go.kr/electioninfo/precandidate_detail_info.xhtml?electionId=0020260603&huboId=100157955","남","1958.01.12 (68세)","경기도 양주시 고읍남로39번길","공인노무사","한양대학교 지방자치대학원 졸업(지방자치학석사)","(전)제8대 경기도의원 (현)국민의힘 경기도당 노동위원장","없음","2026-03-11"
"Gyeonggi-do","양주시","양주시","더불어민주당","https://info.nec.go.kr/photo_20260603/Gsg4116/Hb100154479/gicho/thumbnail.100154479.JPG?ver=1991090","정덕영 (鄭德泳)","https://info.nec.go.kr/electioninfo/precandidate_detail_info.xhtml?electionId=0020260603&huboId=100154479","남","1969.10.22 (56세)","경기도 양주시 백석읍 꿈나무로","정당인","고려대학교 정책대학원 도시및지방행정학과 석사과정 수료","(현)정성호 국회의원 정책특보 (전)양주시의회 의장","없음","2026-02-20"
"Gyeonggi-do","여주시","여주시","국민의힘","https://info.nec.go.kr/photo_20260603/Gsg4133/Hb100156229/gicho/thumbnail.100156229.JPG?ver=2000242","박광석 (朴光石)","https://info.nec.go.kr/electioninfo/precandidate_detail_info.xhtml?electionId=0020260603&huboId=100156229","남","1955.08.16 (70세)","경기도 여주시 세종대왕면 안양동1길","자영업","한국열린사이버대학교 사회복지학과 졸업","(현)4대강 여주시 보해체반대 공동추진위원장 (현)국민의힘 중앙위 환경분과 수석 부위원장","5건","2026-02-25"
"Gyeonggi-do","여주시","여주시","국민의힘","https://info.nec.go.kr/photo_20260603/Gsg4133/Hb100155497/gicho/thumbnail.100155497.JPG?ver=1996012","정득모 (鄭得模)","https://info.nec.go.kr/electioninfo/precandidate_detail_info.xhtml?electionId=0020260603&huboId=100155497","남","1960.10.03 (65세)","경기도 여주시 세종로","삼우시스템(주) 사장","미국 뉴욕주립대학교 환경학박사(1999.1.~2004.5.)","(전)서울시 서울물연구원장 (현)국민의힘 대변인(경기도당)","없음","2026-02-23"
"Gyeonggi-do","여주시","여주시","더불어민주당","https://info.nec.go.kr/photo_20260603/Gsg4133/Hb100156492/gicho/thumbnail.100156492.JPEG?ver=2001485","박시선 (朴是宣)","https://info.nec.go.kr/electioninfo/precandidate_detail_info.xhtml?electionId=0020260603&huboId=100156492","남","1976.05.02 (50세)","경기도 여주시 가남읍 양화로","여주시의회의원","동국대학교 대학원 수료(조경학 석사 과정)","(전)여주시의회 의장 (현)여주시의회 부의장","없음","2026-02-26"
"Gyeonggi-do","여주시","여주시","더불어민주당","https://info.nec.go.kr/photo_20260603/Gsg4133/Hb100155419/gicho/thumbnail.100155419.JPG?ver=1995436","이대직 (李旲稙)","https://info.nec.go.kr/electioninfo/precandidate_detail_info.xhtml?electionId=0020260603&huboId=100155419","남","1961.09.10 (64세)","경기도 여주시 세종대왕면 광대2길","정당인","경희대학교 테크노경영대학원 졸업(경영학석사)","(전)여주시부시장 (전)경기도농정해양국장","2건","2026-02-23"
"Gyeonggi-do","여주시","여주시","더불어민주당","https://info.nec.go.kr/photo_20260603/Gsg4133/Hb100154085/gicho/thumbnail.100154085.JPEG?ver=1990598","이항진 (李沆鎭)","https://info.nec.go.kr/electioninfo/precandidate_detail_info.xhtml?electionId=0020260603&huboId=100154085","남","1965.10.25 (60세)","경기도 여주시 학동2길","정당인","청주대학교 대학원 수료 (외식경영학 박사과정)","(전)여주시장 (전)여주시의원","없음","2026-02-20"
"Gyeonggi-do","오산시","오산시","더불어민주당","https://info.nec.go.kr/photo_20260603/Gsg4127/Hb100154398/gicho/thumbnail.100154398.JPG?ver=1990886","김민주 (金民柱)","https://info.nec.go.kr/electioninfo/precandidate_detail_info.xhtml?electionId=0020260603&huboId=100154398","남","1970.12.23 (55세)","경기도 오산시 운암로","정당인","청주대학교 경제학과 졸업","(현)더불어민주당 중앙당 선임부대변인 (현)대통령 직속 지방시대위원회 자문위원","없음","2026-02-20"
"Gyeonggi-do","오산시","오산시","더불어민주당","https://info.nec.go.kr/photo_20260603/Gsg4127/Hb100155365/gicho/thumbnail.100155365.JPG?ver=1994054","송영만 (宋永萬)","https://info.nec.go.kr/electioninfo/precandidate_detail_info.xhtml?electionId=0020260603&huboId=100155365","남","1957.09.14 (68세)","경기도 오산시 가장로530번길","정당인","한경대학교 국제개발협력대학원 졸업(경영학석사)","(현)더불어민주당 오산시지역위원회 수석부위원장 (전)제8대 ~ 10대 경기도의회의원","2건","2026-02-20"
"Gyeonggi-do","오산시","오산시","더불어민주당","https://info.nec.go.kr/photo_20260603/Gsg4127/Hb100156074/gicho/thumbnail.100156074.JPG?ver=1999324","조재훈 (曺在薰)","https://info.nec.go.kr/electioninfo/precandidate_detail_info.xhtml?electionId=0020260603&huboId=100156074","남","1968.05.05 (58세)","경기도 오산시 운암로","정당인","연세대학교 공학대학원 졸업(공학석사)","(전) 더불어민주당 제9, 10대 경기도의회 의원 (전) 더불어민주당 경기도당 부대변인","1건","2026-02-24"
"Gyeonggi-do","용인시","용인시","국민의힘","https://info.nec.go.kr/photo_20260603/Gsg4135/Hb100155609/gicho/thumbnail.100155609.JPG?ver=1996739","정필선 (鄭珌善)","https://info.nec.go.kr/electioninfo/precandidate_detail_info.xhtml?electionId=0020260603&huboId=100155609","남","1958.03.17 (68세)","경기도 용인시 처인구 중부대로1398번길","엔와이환경 대표","명지대학교 대학원 졸업(행정학 석사)","(현)엔와이환경 대표 (전)서울시교육청 교육행정 공무원","1건","2026-02-23"
"Gyeonggi-do","용인시","용인시","더불어민주당","https://info.nec.go.kr/photo_20260603/Gsg4135/Hb100157860/gicho/thumbnail.100157860.JPG?ver=2009719","정원영 (鄭元詠)","https://info.nec.go.kr/electioninfo/precandidate_detail_info.xhtml?electionId=0020260603&huboId=100157860","남","1967.08.28 (58세)","경기도 용인시 기흥구 구성로","경희대학교 객원연구원","한국학중앙연구원 한국학대학원 졸업(정치학박사)","(전)용인시정연구원 원장 (전)이재명 대선 후보직속 기본사회위원회 부위원장","1건","2026-03-11"
"Gyeonggi-do","용인시","용인시","더불어민주당","https://info.nec.go.kr/photo_20260603/Gsg4135/Hb100157326/gicho/thumbnail.100157326.JPG?ver=2006448","정춘숙 (鄭春淑)","https://info.nec.go.kr/electioninfo/precandidate_detail_info.xhtml?electionId=0020260603&huboId=100157326","여","1964.01.08 (62세)","경기도 용인시 수지구 수지로342번길","정당인","강남대학교 사회복지전문대학원 졸업(사회복지학 박사)","(전)제21대 국회 보건복지위원장 (전)제20, 21대 국회의원","1건","2026-03-06"
"Gyeonggi-do","용인시","용인시","더불어민주당","https://info.nec.go.kr/photo_20260603/Gsg4135/Hb100156754/gicho/thumbnail.100156754.JPG?ver=2003126","현근택 (玄根宅)","https://info.nec.go.kr/electioninfo/precandidate_detail_info.xhtml?electionId=0020260603&huboId=100156754","남","1971.06.11 (54세)","경기도 용인시 기흥구 기흥역로","변호사","서울대학교 행정대학원 수료(정책학 석사과정)","(전)민주연구원 부원장 (전)이재명 대선후보 대변인","없음","2026-03-03"
"Gyeonggi-do","의왕시","의왕시","국민의힘","https://info.nec.go.kr/photo_20260603/Gsg4124/Hb100154572/gicho/thumbnail.100154572.JPG?ver=1991229","김진숙 (金珍淑)","https://info.nec.go.kr/electioninfo/precandidate_detail_info.xhtml?electionId=0020260603&huboId=100154572","여","1955.04.25 (71세)","경기도 의왕시 오전로","정당인","서울대학교 의류학과 졸업","(현) 국민의힘 경기도당 부위원장 (현) 의왕민생포럼 대표","없음","2026-02-20"
"Gyeonggi-do","의왕시","의왕시","국민의힘","https://info.nec.go.kr/photo_20260603/Gsg4124/Hb100155861/gicho/thumbnail.100155861.JPG?ver=1998357","김태춘 (金泰春)","https://info.nec.go.kr/electioninfo/precandidate_detail_info.xhtml?electionId=0020260603&huboId=100155861","남","1960.02.17 (66세)","경기도 의왕시 포일로","한국장애인교통문화협회 경기도협회 회장","성결대학교 대학원 졸업 (사회복지학박사)","(전) 국립 서울대학교 정책관 (전) 건양대학교 대우교수","없음","2026-02-24"
"Gyeonggi-do","의왕시","의왕시","더불어민주당","https://info.nec.go.kr/photo_20260603/Gsg4124/Hb100154487/gicho/thumbnail.100154487.JPEG?ver=1991108","정순욱 (鄭淳旭)","https://info.nec.go.kr/electioninfo/precandidate_detail_info.xhtml?electionId=0020260603&huboId=100154487","남","1966.06.26 (59세)","경기도 의왕시 아랫새우대길","정당인","아주대학교 공공정책대학원 행정학과 졸업 (사회복지학석사)","(전) 경기도지사 비서실장 (전) 광명시 · 동두천시 부시장","없음","2026-02-20"
"Gyeonggi-do","의정부시","의정부시","국민의힘","https://info.nec.go.kr/photo_20260603/Gsg4108/Hb100154656/gicho/thumbnail.100154656.JPG?ver=1991649","박성복 (朴聖福)","https://info.nec.go.kr/electioninfo/precandidate_detail_info.xhtml?electionId=0020260603&huboId=100154656","남","1966.03.16 (60세)","경기도 의정부시 능곡로","프리랜서","신한대학교 대학원 졸업(공학석사)","(전)의정부시 흥선호원 권역국장 (현)국민의힘 경기도당 국민통합위 부위원장","1건","2026-02-20"
"Gyeonggi-do","의정부시","의정부시","더불어민주당","https://info.nec.go.kr/photo_20260603/Gsg4108/Hb100156125/gicho/thumbnail.100156125.JPG?ver=1999843","김원기 (金元基)","https://info.nec.go.kr/electioninfo/precandidate_detail_info.xhtml?electionId=0020260603&huboId=100156125","남","1964.01.27 (62세)","경기도 의정부시 용민로","예원예술대학교 지역문화융합연구소장","건양대학교 일반대학원 졸업(행정학박사)","(전)더불어민주당 의정부시장 후보(2022년)","없음","2026-02-25"
"Gyeonggi-do","의정부시","의정부시","더불어민주당","https://info.nec.go.kr/photo_20260603/Gsg4108/Hb100155305/gicho/thumbnail.100155305.JPG?ver=1993782","심화섭 (沈和燮)","https://info.nec.go.kr/electioninfo/precandidate_detail_info.xhtml?electionId=0020260603&huboId=100155305","남","1965.01.16 (61세)","경기도 의정부시 신곡로","신한대학교 전자공학과 교수","서강대학교 대학원 전자공학과(공학박사)","(현)더불어민주당 당대표 특보 (현)신한대학교 공과대학 학장","1건","2026-02-20"
"Gyeonggi-do","의정부시","의정부시","더불어민주당","https://info.nec.go.kr/photo_20260603/Gsg4108/Hb100154560/gicho/thumbnail.100154560.JPG?ver=1991521","안병용 (安炳龍)","https://info.nec.go.kr/electioninfo/precandidate_detail_info.xhtml?electionId=0020260603&huboId=100154560","남","1956.04.22 (70세)","경기도 의정부시 호암로","무직","동국대학교 대학원 행정학과 졸업(행정학박사)","(전)더불어민주당 의정부시장(민선 7기) (전)신한대학교 행정학과 교수","없음","2026-02-20"
"Gyeonggi-do","의정부시","의정부시","더불어민주당","https://info.nec.go.kr/photo_20260603/Gsg4108/Hb100157449/gicho/thumbnail.100157449.JPEG?ver=2007141","오석규 (吳碩奎)","https://info.nec.go.kr/electioninfo/precandidate_detail_info.xhtml?electionId=0020260603&huboId=100157449","남","1975.11.12 (50세)","경기도 의정부시 효자로","(주)더페이스메이커 대표이사","경기대학교 관광전문대학원 졸업 (관광학박사)","(전)경기도의회 의원(제11대) (현)더불어민주당 참좋은지방정부 상임위원","없음","2026-03-06"
"Gyeonggi-do","의정부시","의정부시","더불어민주당","https://info.nec.go.kr/photo_20260603/Gsg4108/Hb100154858/gicho/thumbnail.100154858.JPG?ver=1992130","정진호 (鄭眞浩)","https://info.nec.go.kr/electioninfo/precandidate_detail_info.xhtml?electionId=0020260603&huboId=100154858","남","1995.06.19 (30세)","경기도 의정부시 경의로","의정부시의회의원","고려대학교 대학원졸업(행정학석사)","(현)의정부시의회의원 (전)이재명 (제20대) 대통령 선대위 부대변인","없음","2026-02-20"
"Gyeonggi-do","의정부시","의정부시","진보당","https://info.nec.go.kr/photo_20260603/Gsg4108/Hb100155053/gicho/thumbnail.100155053.JPG?ver=1992719","이준일 (李晙一)","https://info.nec.go.kr/electioninfo/precandidate_detail_info.xhtml?electionId=0020260603&huboId=100155053","남","1973.06.21 (52세)","경기도 의정부시 금오로95번길","정당인","경기대학교 경영정보학과 졸업(경영학사)","(전)의정부시공무원노동조합 사무실장 (전)통합진보당 2014년 중랑구청장 후보","3건","2026-02-20"
"Gyeonggi-do","이천시","이천시","국민의힘","https://info.nec.go.kr/photo_20260603/Gsg4134/Hb100155356/gicho/thumbnail.100155356.JPG?ver=1994068","신미정 (申美貞)","https://info.nec.go.kr/electioninfo/precandidate_detail_info.xhtml?electionId=0020260603&huboId=100155356","여","1972.07.20 (53세)","경기도 이천시 부발읍 무촌로151번길","정당인","서울대학교 대학원 협동과정 조경학 졸업(공학박사)","(현)국민의힘 중앙당여성위원회 부위원장 (전)서울대학교 환경계획연구소 선임연구원","없음","2026-02-20"
"Gyeonggi-do","이천시","이천시","국민의힘","https://info.nec.go.kr/photo_20260603/Gsg4134/Hb100157871/gicho/thumbnail.100157871.JPG?ver=2009771","임진모 (林鎭模)","https://info.nec.go.kr/electioninfo/precandidate_detail_info.xhtml?electionId=0020260603&huboId=100157871","남","1973.03.12 (53세)","경기도 이천시 장호원읍 설장로","이천시의회의원","한양대학교 대학원졸업(공학석사)","(전)이천고등학교장학회 회장 (현)이천시의회 자치행정위원장","1건","2026-03-11"
"Gyeonggi-do","이천시","이천시","국민의힘","https://info.nec.go.kr/photo_20260603/Gsg4134/Hb100155417/gicho/thumbnail.100155417.JPEG?ver=1995382","최형근 (崔衡根)","https://info.nec.go.kr/electioninfo/precandidate_detail_info.xhtml?electionId=0020260603&huboId=100155417","남","1959.04.17 (67세)","경기도 이천시 경충대로2716번길","정당인","서울대학교 농업교육학과 졸업","(전)경기도청 기획조정실장 (현)국민의힘 경기도당 부위원장","없음","2026-02-23"
"Gyeonggi-do","이천시","이천시","더불어민주당","https://info.nec.go.kr/photo_20260603/Gsg4134/Hb100157390/gicho/thumbnail.100157390.JPEG?ver=2007251","서학원 (徐學源)","https://info.nec.go.kr/electioninfo/precandidate_detail_info.xhtml?electionId=0020260603&huboId=100157390","남","1974.06.10 (51세)","경기도 이천시 신둔면 석동로","이천시의회의원","한양대학교 국제관광대학원 졸업(국제관광학 석사)","(현)이천시의회 산업건설위원장 (전)더불어민주당 중앙당정책위원회 부의장","없음","2026-03-06"
"Gyeonggi-do","이천시","이천시","더불어민주당","https://info.nec.go.kr/photo_20260603/Gsg4134/Hb100154893/gicho/thumbnail.100154893.JPG?ver=1992147","성수석 (成洙釋)","https://info.nec.go.kr/electioninfo/precandidate_detail_info.xhtml?electionId=0020260603&huboId=100154893","남","1970.10.05 (55세)","경기도 이천시 향교로","정당인","고려사이버대학교 경영학과 졸업","(전)더불어민주당 이천시지역위원회 위원장 (현)더불어민주당 당대표특별보좌관","없음","2026-02-20"
"Gyeonggi-do","이천시","이천시","더불어민주당","https://info.nec.go.kr/photo_20260603/Gsg4134/Hb100154392/gicho/thumbnail.100154392.JPG?ver=1990863","엄태준 (嚴泰俊)","https://info.nec.go.kr/electioninfo/precandidate_detail_info.xhtml?electionId=0020260603&huboId=100154392","남","1963.09.01 (62세)","경기도 이천시 갈산로","변호사","단국대학교 법학과 졸업","(전)제7대 이천시장 (전)더불어민주당 이천시지역위원장","1건","2026-02-20"
"Gyeonggi-do","이천시","이천시","무소속","https://info.nec.go.kr/photo_20260603/Gsg4134/Hb100155850/gicho/thumbnail.100155850.JPG?ver=1998312","전기식 (全機式)","https://info.nec.go.kr/electioninfo/precandidate_detail_info.xhtml?electionId=0020260603&huboId=100155850","남","1959.08.11 (66세)","경기도 이천시 갈산로87번길","자영업","율곡고등학교 졸업","(전)이천시청 환경공무직 (전)건설노동자","없음","2026-02-24"
"Gyeonggi-do","파주시","파주시","국민의힘","https://info.nec.go.kr/photo_20260603/Gsg4132/Hb100156661/gicho/thumbnail.100156661.JPG?ver=2002552","박용호 (朴龍鎬)","https://info.nec.go.kr/electioninfo/precandidate_detail_info.xhtml?electionId=0020260603&huboId=100156661","남","1963.07.15 (62세)","경기도 파주시 송화로","4차산업혁명 인공지능 연구원 대표","서울대학교 대학원 전기공학전공 졸업(공학석사)","(전)대통령직속 청년위원회 위원장(장관급) (현)국민의힘 파주시갑 당협위원장","없음","2026-02-27"
"Gyeonggi-do","파주시","파주시","국민의힘","https://info.nec.go.kr/photo_20260603/Gsg4132/Hb100154549/gicho/thumbnail.100154549.JPEG?ver=1991188","이재홍 (李載弘)","https://info.nec.go.kr/electioninfo/precandidate_detail_info.xhtml?electionId=0020260603&huboId=100154549","남","1957.01.10 (69세)","경기도 파주시 미래로","정당인","한양대학교 대학원 도시공학과 졸업(공학박사)","(전)파주시장 (전)행정중심복합도시건설청장(차관급)","2건","2026-02-20"
"Gyeonggi-do","파주시","파주시","더불어민주당","https://info.nec.go.kr/photo_20260603/Gsg4132/Hb100154507/gicho/thumbnail.100154507.JPG?ver=1991140","손배찬 (孫培讚)","https://info.nec.go.kr/electioninfo/precandidate_detail_info.xhtml?electionId=0020260603&huboId=100154507","남","1962.11.17 (63세)","경기도 파주시 가온로","더불어민주당 파주갑 교육연수위원장","동국대학교 행정대학원 졸업(행정학석사)","(전)파주시의회 의장 (전)파주시청소년재단 대표이사","없음","2026-02-20"
"Gyeonggi-do","파주시","파주시","더불어민주당","https://info.nec.go.kr/photo_20260603/Gsg4132/Hb100154539/gicho/thumbnail.100154539.JPG?ver=1991365","이용욱 (李鎔旭)","https://info.nec.go.kr/electioninfo/precandidate_detail_info.xhtml?electionId=0020260603&huboId=100154539","남","1972.03.19 (54세)","경기도 파주시 가온로","이용욱세무회계사무소 대표 세무사","연세대학교 행정대학원 지방자치·도시행정전공 졸업(행정학석사)","(전)경기도의회 경제노동위원회 의원 (현)이용욱세무회계사무소 대표","없음","2026-02-20"
"Gyeonggi-do","평택시","평택시","더불어민주당","https://info.nec.go.kr/photo_20260603/Gsg4115/Hb100153872/gicho/thumbnail.100153872.JPG?ver=1990815","공재광 (孔在光)","https://info.nec.go.kr/electioninfo/precandidate_detail_info.xhtml?electionId=0020260603&huboId=100153872","남","1963.03.20 (63세)","경기도 평택시 용죽2로","정치인","고려대학교 정책대학원 졸업(행정학석사, 도시및지방행정 전공)","(전)평택시장 (전)대통령비서실 민정수석비서관 행정관","없음","2026-02-20"
"Gyeonggi-do","평택시","평택시","더불어민주당","https://info.nec.go.kr/photo_20260603/Gsg4115/Hb100153840/gicho/thumbnail.100153840.JPG?ver=1991453","김기성 (金基成)","https://info.nec.go.kr/electioninfo/precandidate_detail_info.xhtml?electionId=0020260603&huboId=100153840","남","1962.09.25 (63세)","경기도 평택시 안중읍 서동대로","정당인","경기대학교 행정·사회복지대학원 졸업(사회복지학석사)","(전)평택시의회 부의장 (전)평택복지재단 이사장","1건","2026-02-20"
"Gyeonggi-do","평택시","평택시","더불어민주당","https://info.nec.go.kr/photo_20260603/Gsg4115/Hb100153942/gicho/thumbnail.100153942.JPG?ver=1990814","서현옥 (徐賢玉)","https://info.nec.go.kr/electioninfo/precandidate_detail_info.xhtml?electionId=0020260603&huboId=100153942","여","1968.03.03 (58세)","경기도 평택시 팽성읍 평궁길","정당인","중앙대학교 대학원 의회학과 석사 졸업","(현)더불어민주당 정책위원회 부의장 (전)제10·11대 경기도의회 의원","없음","2026-02-20"
"Gyeonggi-do","평택시","평택시","더불어민주당","https://info.nec.go.kr/photo_20260603/Gsg4115/Hb100154906/gicho/thumbnail.100154906.JPG?ver=1992187","유병만 (兪炳晩)","https://info.nec.go.kr/electioninfo/precandidate_detail_info.xhtml?electionId=0020260603&huboId=100154906","남","1957.08.20 (68세)","경기도 평택시 평남로","정당인","연세대학교 행정대학원 졸업(행정학 석사)","(전)이재명 대통령 후보 경기조직위원장 (전)문재인 대통령 후보 정책본부 자문위원","없음","2026-02-20"
"Gyeonggi-do","평택시","평택시","더불어민주당","https://info.nec.go.kr/photo_20260603/Gsg4115/Hb100153870/gicho/thumbnail.100153870.JPG?ver=1990098","최원용 (崔元鎔)","https://info.nec.go.kr/electioninfo/precandidate_detail_info.xhtml?electionId=0020260603&huboId=100153870","남","1967.03.15 (59세)","경기도 평택시 상서재로","정당인","서울대학교 행정대학원 졸업(행정학석사)","(현)더불어민주당 당대표 민생특보 (전)경기도청 기획조정실장","없음","2026-02-20"
"Gyeonggi-do","포천시","포천시","더불어민주당","https://info.nec.go.kr/photo_20260603/Gsg4141/Hb100155968/gicho/thumbnail.100155968.JPG?ver=1998857","강준모 (姜準模)","https://info.nec.go.kr/electioninfo/precandidate_detail_info.xhtml?electionId=0020260603&huboId=100155968","남","1965.11.22 (60세)","경기도 포천시 소흘읍 태봉로","그린자동차학원 공동대표","단국대학교 토목공학과 졸업","(전) 더불어민주당 정책위원회 부의장 (전) 포천시의회 부의장","2건","2026-02-24"
"Gyeonggi-do","포천시","포천시","더불어민주당","https://info.nec.go.kr/photo_20260603/Gsg4141/Hb100157687/gicho/thumbnail.100157687.JPG?ver=2008565","박윤국 (朴允國)","https://info.nec.go.kr/electioninfo/precandidate_detail_info.xhtml?electionId=0020260603&huboId=100157687","남","1956.04.12 (70세)","경기도 포천시 영북면 운천안1길","정당인","명지대학(현 명지대학교) 토목공학과 졸업","(전) 포천시장 (전) 더불어민주당 포천가평 지역위원장","없음","2026-03-10"
"Gyeonggi-do","포천시","포천시","더불어민주당","https://info.nec.go.kr/photo_20260603/Gsg4141/Hb100155868/gicho/thumbnail.100155868.JPG?ver=1998428","연제창 (延濟昶)","https://info.nec.go.kr/electioninfo/precandidate_detail_info.xhtml?electionId=0020260603&huboId=100155868","남","1975.10.28 (50세)","경기도 포천시 왕방로","포천시의회 의원","대진대학교 행정정보학과 졸업","(현)포천시의회 부의장 (현)더불어민주당 정책위원회 부의장","3건","2026-02-24"
"Gyeonggi-do","포천시","포천시","진보당","https://info.nec.go.kr/photo_20260603/Gsg4141/Hb100156943/gicho/thumbnail.100156943.JPG?ver=2004043","이명원 (李明原)","https://info.nec.go.kr/electioninfo/precandidate_detail_info.xhtml?electionId=0020260603&huboId=100156943","남","1974.07.02 (51세)","경기도 포천시 소흘읍 호국로481번길","자영업","한국외국어대학교 철학과 4학년 재적(1993.3.2.~1997.8.19.)","(전) 내란청산 사회대개혁 포천시민행동 공동대표 (현) 포천시주민참여예산위원회 위원장","6건","2026-03-03"
"Gyeonggi-do","하남시","하남시","국민의힘","https://info.nec.go.kr/photo_20260603/Gsg4131/Hb100154769/gicho/thumbnail.100154769.JPG?ver=1993717","한태수 (韓太洙)","https://info.nec.go.kr/electioninfo/precandidate_detail_info.xhtml?electionId=0020260603&huboId=100154769","남","1966.08.10 (59세)","경기도 하남시 대청로","정당인","강원대학교 정치학과 졸업","(전)하남신문 대표이사 (전)한국케이블티브이 새로넷방송 감사","2건","2026-02-20"
"Gyeonggi-do","하남시","하남시","더불어민주당","https://info.nec.go.kr/photo_20260603/Gsg4131/Hb100155214/gicho/thumbnail.100155214.JPG?ver=1993708","강병덕 (姜秉德)","https://info.nec.go.kr/electioninfo/precandidate_detail_info.xhtml?electionId=0020260603&huboId=100155214","남","1965.04.25 (61세)","경기도 하남시 미사강변동로","정당인","한양대학교 행정·자치대학원 졸업(행정학석사)","(전)21대 대선 이재명 대통령 후보 하남시 갑 상임선대위원장 (현)더불어민주당 당대표 정책특보","없음","2026-02-20"
"Gyeonggi-do","하남시","하남시","더불어민주당","https://info.nec.go.kr/photo_20260603/Gsg4131/Hb100154762/gicho/thumbnail.100154762.JPG?ver=1993710","서정완 (徐禎完)","https://info.nec.go.kr/electioninfo/precandidate_detail_info.xhtml?electionId=0020260603&huboId=100154762","남","1971.04.11 (55세)","경기도 하남시 미사강변동로","정당인","연세대학교 경제대학원 졸업(경제학 석사)","(전)이재명 대통령 청와대 행정관 (전)21대 대선 이재명 대통령 후보 총괄정책본부 정책선임팀장","없음","2026-02-20"
"Gyeonggi-do","하남시","하남시","더불어민주당","https://info.nec.go.kr/photo_20260603/Gsg4131/Hb100154754/gicho/thumbnail.100154754.JPG?ver=1993716","오후석 (吳厚錫)","https://info.nec.go.kr/electioninfo/precandidate_detail_info.xhtml?electionId=0020260603&huboId=100154754","남","1967.01.02 (59세)","경기도 하남시 대청로","정당인","연세대학교 대학원 정보산업도시공학(도시)과 졸업(공학박사)","(전)경기도 행정2부지사 (현)더불어민주당 민주연구원 부원장","없음","2026-02-20"
"Gyeonggi-do","화성시","화성시","국민의힘","https://info.nec.go.kr/photo_20260603/Gsg4153/Hb100156226/gicho/thumbnail.100156226.JPG?ver=2000238","박태경 (朴兌京)","https://info.nec.go.kr/electioninfo/precandidate_detail_info.xhtml?electionId=0020260603&huboId=100156226","남","1965.08.06 (60세)","경기도 화성시 만세구 향남읍 만년로","농업인","한국방송통신대학교 농학과 재학(3학년)","(전)화성시 민생경제산업국장 (전)화성시 일자리경제국장","없음","2026-02-25"
"Gyeonggi-do","화성시","화성시","더불어민주당","https://info.nec.go.kr/photo_20260603/Gsg4153/Hb100156244/gicho/thumbnail.100156244.JPG?ver=2000293","김경희 (金京嬉)","https://info.nec.go.kr/electioninfo/precandidate_detail_info.xhtml?electionId=0020260603&huboId=100156244","여","1966.03.18 (60세)","경기도 화성시 만세구 남양읍 남양로862번길","정치인","명지대학교 대학원 아동학과 박사과정 수료","(현)더불어민주당 당대표 여성특별보좌관 (전)화성시의회 의장","없음","2026-02-25"
"Gyeonggi-do","화성시","화성시","더불어민주당","https://info.nec.go.kr/photo_20260603/Gsg4153/Hb100154442/gicho/thumbnail.100154442.JPG?ver=1990963","진석범 (晉錫範)","https://info.nec.go.kr/electioninfo/precandidate_detail_info.xhtml?electionId=0020260603&huboId=100154442","남","1972.07.05 (53세)","경기도 화성시 병점노을로","무직","건국대학교 일반대학원 졸업(사회복지학 박사)","(전)이재명정부 청와대 선임행정관 (전)더불어민주당 화성시을 지역위원장","없음","2026-02-20"
